{
    "status": "ok",
    "totalResults": 38,
    "articles": [
        {
            "source": {
                "id": null,
                "name": "Telangana Today"
            },
            "author": "Epsita Gunti",
            "title": "Hyderabad: Four-legged friends get the shot - Telangana Today",
            "description": "A renowned French biologist who administered the inaugural rabies vaccine on the same day in 1885.",
            "url": "https://telanganatoday.com/hyderabad-four-legged-friends-get-the-shot",
            "urlToImage": "https://cdn.telanganatoday.com/wp-content/uploads/2023/07/Hyderabad-Four-legged-friends-get-the-shot-1.jpg",
            "publishedAt": "2023-07-06T10:33:08Z",
            "content": null
        },
        {
            "source": {
                "id": null,
                "name": "Thehealthsite.com"
            },
            "author": "Longjam Dineshwori",
            "title": "WHO identifies 12 African countries for roll out of first-ever malaria vaccine | TheHealthSite.com - TheHealthSite",
            "description": "These 12 African countries are set to receive 18 million doses of the first-ever malaria vaccine over the next two years. TheHealthSite.com",
            "url": "https://www.thehealthsite.com/news/first-ever-malaria-vaccine-12-african-countries-to-receive-18-million-doses-in-the-next-two-years-990370/",
            "urlToImage": "https://st1.thehealthsite.com/wp-content/uploads/2023/07/Untitled-3.jpg",
            "publishedAt": "2023-07-06T09:21:00Z",
            "content": "Another malaria vaccine, R21/Matrix-M, is also expected to be approved by WHO soon. \r\nThese 12 African countries are set to receive the first doses of the malaria vaccine during the last quarter of 2… [+3212 chars]"
        },
        {
            "source": {
                "id": null,
                "name": "News-Medical.Net"
            },
            "author": null,
            "title": "The role of pulmonary dysfunction and COVID-19 severity in the development of Long COVID - News-Medical.Net",
            "description": "Study identified a genome-wide significant association (GWAS) for long coronavirus disease.",
            "url": "https://www.news-medical.net/news/20230706/The-role-of-pulmonary-dysfunction-and-COVID-19-severity-in-the-development-of-Long-COVID.aspx",
            "urlToImage": "https://d2jx2rerrg6sh3.cloudfront.net/images/news/ImageForNews_752941_16886334961232169.jpg",
            "publishedAt": "2023-07-06T08:56:00Z",
            "content": "In a study posted to the medRxiv* preprint server, a team of interdisciplinary research groups identified a genome-wide significant association (GWAS) for long coronavirus disease (COVID) at the FOXP… [+5786 chars]"
        },
        {
            "source": {
                "id": null,
                "name": "Hindustan Times"
            },
            "author": "HT Tech",
            "title": "From Samsung Galaxy Z Fold 5 to Galaxy Tab S9: Know the expected launches at Samsung Galaxy Unpacked 2023 - HT Tech",
            "description": "With the Samsung Galaxy Unpacked 2023 event inching closer, check out everything that could be announced at the event including Samsung Galaxy Z Fold 5, Galaxy Z Flip 5, Galaxy Watch 6, and more.",
            "url": "https://tech.hindustantimes.com/photos/from-samsung-galaxy-z-fold-5-to-galaxy-tab-s9-know-the-expected-launches-at-samsung-galaxy-unpacked-2023-71688632804566.html",
            "urlToImage": "https://images.hindustantimes.com/tech/img/2023/07/06/1600x900/mika-baumeister-vI8_06RmSC0-unsplash_1688632944642_1688633002566.jpg",
            "publishedAt": "2023-07-06T08:49:13Z",
            "content": "Top SectionsExplore Tech Copyright © HT Media Limited All rights reserved."
        },
        {
            "source": {
                "id": "the-times-of-india",
                "name": "The Times of India"
            },
            "author": "Akash Podishetti",
            "title": "Hindustan Zinc to consider dividend on July 8, fixes record date; stock up 7% - Economic Times",
            "description": "The Board of Hindustan Zinc will meet on July 8 to approve an interim dividend for the financial year 2023-24, causing shares to rally 8%. The record date for eligibility will be July 15 and the company is expected to trade ex-dividend on or a day before this…",
            "url": "https://economictimes.indiatimes.com/markets/stocks/news/hindustan-zinc-to-consider-dividend-on-july-8-fixes-record-date-stock-up-7/articleshow/101540235.cms",
            "urlToImage": "https://img.etimg.com/thumb/msid-101540220,width-1070,height-580,imgsize-17930,overlay-etmarkets/photo.jpg",
            "publishedAt": "2023-07-06T08:44:00Z",
            "content": "The Board of Hindustan Zinc on Thursday announced that it will meet on July 8 to consider and approve an interim dividend for the financial year 2023-24. Post announcement, shares of the company rall… [+2362 chars]"
        },
        {
            "source": {
                "id": null,
                "name": "WION"
            },
            "author": "Riya Teotia",
            "title": "LVM3: All about Chandrayaan-3 launch vehicle - WION",
            "description": "LVM3: All about Chandrayaan-3 launch vehicle",
            "url": "https://www.wionews.com/web-stories/india-news/business-economy/lvm3-all-about-chandrayaan3-launch-vehicle-1688631723114",
            "urlToImage": null,
            "publishedAt": "2023-07-06T08:37:04Z",
            "content": "ISRO on Wednesday, July 5 successfully integrated the Chandrayaan-3 spacecraft with the launch vehicle, Launch Vehicle Mark-III (LVM3), at the Satish Dhawan Space Centre in Sriharikota, Andhra Prades… [+1 chars]"
        },
        {
            "source": {
                "id": null,
                "name": "Crictracker.com"
            },
            "author": "CricTracker Staff",
            "title": "ENG vs AUS Dream11 Prediction, Fantasy Cricket Tips, Playing XI, Pitch Report, & Injury Updates for Ashes, 3rd Test - CricTracker",
            "description": "ENG vs AUS Dream11 Team Prediction Ashes 2023- Read to find out England vs Australia Dream11 Team Today, playing11, Ashes fantasy cricket tips, and more updates for the 3rd Test on CricTracker.",
            "url": "https://www.crictracker.com/fantasy-cricket-tips/dream11-eng-vs-aus-dream11-prediction-playing-xi-fantasy-cricket-tips-pitch-report-injury-updates-for-3rd-test-of-ashes-2023/",
            "urlToImage": "https://media.crictracker.com/media/attachments/1669780492120_England-Test-team.jpeg",
            "publishedAt": "2023-07-06T08:30:00Z",
            "content": "England (ENG) will take on Australia (AUS) in the third Test of The Ashes 2023 at Headingley in Leeds on Thursday (July 6). Australia have put up a brilliant performance so far, so they are 2-0 ahead… [+2324 chars]"
        },
        {
            "source": {
                "id": null,
                "name": "Transcontinentaltimes.com"
            },
            "author": "Russell Chattaraj",
            "title": "Aphelion: Exploring Earth's Farthest Point from the Sun and Its Astronomical Significance - Transcontinental Times",
            "description": "INDIA: Aphelion refers to the point in an object's orbit where it is farthest away from the Sun. In the case of the Earth, it occurs once every year. This phenomenon happens because the Earth's orbit is not a perfect circle but rather an elliptical shape. As …",
            "url": "https://www.transcontinentaltimes.com/aphelion-earth-farthest-point-sun/",
            "urlToImage": "https://www.transcontinentaltimes.com/wp-content/uploads/2023/07/Aphelion.jpg",
            "publishedAt": "2023-07-06T08:20:35Z",
            "content": "INDIA: Have you ever wondered why some days feel hotter than others? Well, it all comes down to the Earth’s position in its orbit around the Sun (not exactly). Today, on July 6, 2023, we are experien… [+2414 chars]"
        },
        {
            "source": {
                "id": null,
                "name": "International Cricket Council"
            },
            "author": "ICC",
            "title": "Tamim Iqbal announces shock retirement ahead of CWC23 - ICC Cricket",
            "description": "Bangladesh have been dealt a major blow ahead of the upcoming ICC Men's Cricket World Cup in India, with skipper Tamim Iqbal deciding to retire from international cricket.",
            "url": "https://www.icc-cricket.com/news/3571400",
            "urlToImage": "https://resources.pulse.icc-cricket.com/ICC/photo/2023/07/06/e32696e9-36dd-41c7-ab16-936e38baf993/GettyImages-1247668591.jpg",
            "publishedAt": "2023-07-06T07:56:10Z",
            "content": "Bangladesh have been dealt a major blow ahead of the upcoming ICC Men's Cricket World Cup in India, with skipper Tamim Iqbal deciding to retire from international cricket.Iqbal has brought a 16-year-… [+1412 chars]"
        },
        {
            "source": {
                "id": null,
                "name": "Moneycontrol"
            },
            "author": "Moneycontrol News",
            "title": "Jefferies raises target price for Bajaj Finance after growth in loans - Moneycontrol",
            "description": "",
            "url": "https://www.moneycontrol.com/news/business/stocks/jefferies-raises-target-price-for-bajaj-finance-after-growth-in-loans-10914501.html",
            "urlToImage": "https://images.moneycontrol.com/static-mcnews/2023/06/WhatsApp-Image-2023-06-05-at-5.44.33-PM-14-770x433.jpeg",
            "publishedAt": "2023-07-06T07:47:10Z",
            "content": "Jefferies has raised its target price on Bajaj Finance, the non-banking finance company (NBFC), to Rs 9,500, while maintaining a buy call on the stock in its latest report. This is after the company … [+2210 chars]"
        },
        {
            "source": {
                "id": null,
                "name": "The Weather Channel"
            },
            "author": "The Weather Channel",
            "title": "Gujarat Braces for Extremely Heavy Rains on July 7-8; Anand, Kutch on Red Warning | Weather.com - The Weather Channel",
            "description": "In addition to the extremely heavy rains, heavy to very heavy showers are likely to batter Gujarat state during the next five days.",
            "url": "https://weather.com/en-IN/india/monsoon/news/2023-07-06-gujarat-braces-for-extremely-heavy-rains-on-july-7-and-8",
            "urlToImage": "https://s.w-x.co/in-gujarat_rain_3.jpg",
            "publishedAt": "2023-07-06T07:32:50Z",
            "content": "Thursday, July 6\r\n: Monsoonal rains and the resulting floods have been ravaging Gujarat for over a week now ever since the southwest monsoon covered the state with much fanfare on June 27. But things… [+3599 chars]"
        },
        {
            "source": {
                "id": null,
                "name": "Gadgets360.com"
            },
            "author": "Sucharita Ganguly, Siddharth Suvarna",
            "title": "Realme Narzo 60 5G, Narzo 60 Pro 5G With Up to 1TB Storage Launched in India: Price, Specifications - Gadgets 360",
            "description": "Realme Narzo 60 5G series was launched in India on Thursday. The lineup includes the base Realme Narzo 60 5G and the Realme Narzo 60 Pro 5G. Both phones come with MediaTek Dimensity chipsets and 5,000mAh batteries with SuperVOOC fast charging support.",
            "url": "https://www.gadgets360.com/mobiles/news/realme-narzo-60-pro-5g-price-in-india-rs-17999-23999-launch-sale-date-july-15-specifications-features-4182070",
            "urlToImage": "https://i.gadgets360cdn.com/large/realme_narzo_60_realme_2_1688631186364.jpg",
            "publishedAt": "2023-07-06T07:18:35Z",
            "content": "Realme Narzo 60 5G series launched in India on Thursday. The lineup includes the base Realme Narzo 60 5G model and the Realme Narzo 60 Pro 5G. Both phones come with MediaTek Dimensity chipsets and 5,… [+4044 chars]"
        },
        {
            "source": {
                "id": null,
                "name": "Hindustan Times"
            },
            "author": "HT Tech",
            "title": "AWESOME! NASA will let you engrave your name on the historic Europa Clipper spacecraft for FREE - HT Tech",
            "description": "Grab an amazing opportunity to have your name engraved on a NASA spacecraft heading to Jupiter’s Europa moon as part of the Message in a Bottle project. Here’s how.",
            "url": "https://tech.hindustantimes.com/tech/news/awesome-nasa-will-let-you-engrave-your-name-on-the-historic-europa-clipper-spacecraft-for-free-71688626883804.html",
            "urlToImage": "https://images.hindustantimes.com/tech/img/2023/07/06/1600x900/space_exploratory_missions_1688627236743_1688627236978.jpeg",
            "publishedAt": "2023-07-06T07:09:42Z",
            "content": "NASA has several space exploratory missions to planets such as Mars and Jupiter in place, and now the space agency is offering a unique opportunity for the public to have their name etched on a NASA … [+2504 chars]"
        },
        {
            "source": {
                "id": null,
                "name": "SamMobile"
            },
            "author": "SamMobile, Asif Iqbal Shaik",
            "title": "Instagram launches Twitter-like social networking app called Threads - SamMobile - Samsung news",
            "description": "Instagram has launched a new social networking app called Threads. It competes with Twitter and offers many of the same ...",
            "url": "https://www.sammobile.com/news/instagram-threads-launched-twitter-competitor/",
            "urlToImage": "https://www.sammobile.com/wp-content/uploads/2023/07/Instagram-Threads-Features-720x405.jpg",
            "publishedAt": "2023-07-06T06:31:00Z",
            "content": "Instagram has launched a new social networking app called Threads. It competes with Twitter and offers many of the same features, including posting text-focused updates along with images and videos. … [+1439 chars]"
        },
        {
            "source": {
                "id": null,
                "name": "Moneycontrol"
            },
            "author": "Sunil Shankar Matkar",
            "title": "Senco Gold IPO final day | Issue subscribed 25 times, QIB portion booked 43 times - Moneycontrol",
            "description": "Senco Gold IPO | The offer consists of a fresh issue of Rs 270 crore worth shares and an offer for sale of Rs 135 crore by investor SAIF Partners India IV.",
            "url": "https://www.moneycontrol.com/news/business/ipo/senco-gold-ipo-final-day-issue-subscribed-3-55-times-qib-portion-booked-27-10913841.html",
            "urlToImage": "https://images.moneycontrol.com/static-mcnews/2023/07/SencoGold2-770x433.jpg",
            "publishedAt": "2023-07-06T05:55:29Z",
            "content": "The maiden public offering of Senco Gold continued to attract investors, possibly due to reasonable valuations, healthy financials, a strong presence in eastern India, and five decades of experience,… [+3369 chars]"
        },
        {
            "source": {
                "id": null,
                "name": "NDTV News"
            },
            "author": "NDTV Sports Desk",
            "title": "\"Bad Days...\": KKR Star Shares Cryptic Post As BCCI Announce Squad For WI T20Is - NDTV Sports",
            "description": "A number of IPL performers were snubbed by the BCCI as the Indian squad for the West Indies T20Is was announced.",
            "url": "https://sports.ndtv.com/west-indies-vs-india-2023/bad-days-build-snubbed-for-west-indies-t20is-kkr-star-posted-this-4181888",
            "urlToImage": "https://c.ndtvimg.com/2023-07/kmgd8hko_nitish-rana-and-rinku-singh-bcci_625x300_06_July_23.jpg?im=FitAndFill,algorithm=dnn,width=1200,height=675",
            "publishedAt": "2023-07-06T05:55:00Z",
            "content": "The Board of Control for Cricket in India (BCCI) announced the India squad for the T20I series against West Indies on Wednesday, breaking quite a few fans' hearts. The likes of Rinku Singh, Ruturaj G… [+1940 chars]"
        },
        {
            "source": {
                "id": null,
                "name": "GSMArena.com"
            },
            "author": "Sagar",
            "title": "Samsung's Galaxy Unpacked event in South Korea confirmed to take place on July 26 - GSMArena.com",
            "description": "Samsung is hosting Galaxy Unpacked in South Korea for the first time. A month ago, Samsung announced it would host the Galaxy Unpacked event in South Korea...",
            "url": "https://www.gsmarena.com/samsung_galaxy_unpacked_seoul_south_korea_date-news-59092.php",
            "urlToImage": "https://fdn.gsmarena.com/imgroot/news/23/07/samsung-galaxy-unpacked-south-korea-date/-952x498w6/gsmarena_003.jpg",
            "publishedAt": "2023-07-06T05:46:01Z",
            "content": "A month ago, Samsung announced it would host the Galaxy Unpacked event in South Korea for the first time in the last week of July. It was rumored to take place on July 26. That rumor has turned out t… [+809 chars]"
        },
        {
            "source": {
                "id": null,
                "name": "The Quint"
            },
            "author": "Vishnukant Tiwari",
            "title": "MP Urination Case: CM Shivraj Chouhan 'Apologises' To Victim, Washes His Feet - The Quint",
            "description": "Madhya Pradesh Chief Minister Shivraj Singh Chouhan on Thursday, 6 July, met Dashmat Rawat, the man on whom a Bharatiya Janata Party (BJP) worker was seen urinating in a video that went viral on social media.",
            "url": "https://www.thequint.com/news/india/madhya-pradesh-shivraj-singh-chouhan-dashrath-rawat-washes-feet",
            "urlToImage": "https://images.thequint.com/thequint%2F2023-07%2F7a4bbaf2-01a1-4f42-82c1-e5273ad6d467%2FIMG_7315.jpg",
            "publishedAt": "2023-07-06T05:27:25Z",
            "content": "\"I met the minister, it felt good. He called up my family and spoke to them,\" Rawat was quoted as saying by news agency ANI after the meeting. \r\nThe undated 10-second video, which is said to be sever… [+343 chars]"
        },
        {
            "source": {
                "id": null,
                "name": "Firstpost"
            },
            "author": "FP Staff",
            "title": "Maharashtra crisis Live Updates Sharad Pawar in Delhi for NCPs national executive meeting today - Firstpost",
            "description": "India Live Updates The Supreme Court on Thursday agreed to hear on July  a plea filed by the Delhi government challenging the constitutionality of the ordinance on control of services",
            "url": "https://www.firstpost.com/india/india-news-live-trending-today-latest-breaking-updates-july-6-2023-12832092.html",
            "urlToImage": "https://images.firstpost.com/wp-content/uploads/2023/07/Live-Blog-1.jpg",
            "publishedAt": "2023-07-06T05:07:46Z",
            "content": "Manipur government on Wednesday further extended the ban on internet services in the State till July 10, 2023.\r\nAn order issued by the Manipur Home Department said steps are being taken to prevent th… [+765 chars]"
        },
        {
            "source": {
                "id": null,
                "name": "Mid-day"
            },
            "author": null,
            "title": "PV Sindhu, Lakshya Sen cruise into second round of Canada Open, Sai Praneeth bow out - mid-day.com",
            "description": "Canada Open: Both PV Sindhu and Lakshya Sen on Wednesday registered straight-game wins over their respective rivals in the BWF World Tour Super 500 event",
            "url": "https://www.mid-day.com/sports/other-sports/article/canada-open-pv-sindhu-lakshya-sen-cruise-into-second-round-sai-praneeth-bow-out-23296244",
            "urlToImage": "https://images.mid-day.com/images/images/2023/jul/lakspv_d.jpg",
            "publishedAt": "2023-07-06T04:58:00Z",
            "content": "Canada Open: Both PV Sindhu and Lakshya Sen on Wednesday registered straight-game wins over their respective rivals in the BWF World Tour Super 500 event\r\nPV Sindhu, Lakshya Sen (Pic: AFP)\r\nBoth PV S… [+1202 chars]"
        }
    ]
}